doc_id,url,robots_state,target_http_status,recovery_outcome,next_action
206172,https://nhathuoclongchau.com.vn/bai-viet/6-cach-can-bang-noi-tiet-to-o-do-tuoi-trung-nien.html,ROBOTS_OK_ALLOWED,403,http_403,request_authorized_source_copy
211263,https://nhathuoclongchau.com.vn/bai-viet/be-3-tuoi-khong-tap-trung-co-cac-bieu-hien-gi-meo-cai-thien-danh-cho-bo-me.html,ROBOTS_OK_ALLOWED,403,http_403,request_authorized_source_copy
212891,https://nhathuoclongchau.com.vn/bai-viet/benh-viem-ket-mac-o-tre-15225.html,ROBOTS_OK_ALLOWED,403,http_403,request_authorized_source_copy
219789,https://nhathuoclongchau.com.vn/bai-viet/cach-lam-tang-vong-1-cap-toc-cua-nguoi-nhat-bi-quyet-va-phuong-phap-hieu-qua.html,ROBOTS_OK_ALLOWED,403,http_403,request_authorized_source_copy
230855,https://nhathuoclongchau.com.vn/bai-viet/dieu-tri-vet-loet-ban-chan-tieu-duong-nhu-the-nao-59162.html,ROBOTS_OK_ALLOWED,403,http_403,request_authorized_source_copy
240674,https://nhathuoclongchau.com.vn/bai-viet/kham-pha-nhung-loi-ich-dang-kinh-ngac-cua-viec-an-vo-luu.html,ROBOTS_OK_ALLOWED,403,http_403,request_authorized_source_copy
241184,https://nhathuoclongchau.com.vn/bai-viet/khi-nao-me-can-thuc-hien-sieu-am-doppler-thai-nhi-47468.html,ROBOTS_OK_ALLOWED,403,http_403,request_authorized_source_copy
250607,https://nhathuoclongchau.com.vn/bai-viet/nguoi-moi-cat-mi-kieng-trung-bao-lau-67221.html,ROBOTS_OK_ALLOWED,403,http_403,request_authorized_source_copy
263721,https://nhathuoclongchau.com.vn/bai-viet/sua-pediasure-co-may-loai-mua-sua-pediasure-chinh-hang-o-dau-60302.html,ROBOTS_OK_ALLOWED,403,http_403,request_authorized_source_copy
264425,https://nhathuoclongchau.com.vn/bai-viet/tac-dung-cua-vitamin-e-voi-buong-trung-46690.html,ROBOTS_OK_ALLOWED,403,http_403,request_authorized_source_copy
269735,https://nhathuoclongchau.com.vn/bai-viet/tiem-vac-xin-5-trong-1-o-ha-noi-nhung-lua-chon-tot-nhat-cho-suc-khoe-cua-tre-nho.html,ROBOTS_OK_ALLOWED,403,http_403,request_authorized_source_copy
