doc_id,url,local_http_status,source_chars,title,raw_sha256,text_sha256,state
206172,https://nhathuoclongchau.com.vn/bai-viet/6-cach-can-bang-noi-tiet-to-o-do-tuoi-trung-nien.html,200,6565,6 cách cân bằng nội tiết tố ở độ tuổi trung niên - Nhà thuốc FPT Long Châu,1306563f6a5913becb7789916a8664a5dab93a5c8145f5ec249223b9ca3169af,cd13b9c3b4197570f4a1b45f90a8cfc2e4120ffc5df625508b495f4bcf411ca5,LOCAL_ARTICLE_CANDIDATE_PENDING_REVIEW
211263,https://nhathuoclongchau.com.vn/bai-viet/be-3-tuoi-khong-tap-trung-co-cac-bieu-hien-gi-meo-cai-thien-danh-cho-bo-me.html,200,6073,Bé 3 tuổi không tập trung có các biểu hiện gì? Cách cải thiện,1e9994f26db86d193d3601ee99b9252a53856d987def03555c3c0a1a0f6fa071,94c50db41b61a557ef2460350c97b4f517e5024c8f6694ad5ba324ae336618ba,LOCAL_ARTICLE_CANDIDATE_PENDING_REVIEW
212891,https://nhathuoclongchau.com.vn/bai-viet/benh-viem-ket-mac-o-tre-15225.html,200,4741,"Bệnh viêm kết mạc ở trẻ, nguy hiểm đấy các mẹ chớ đùa - Nhà thuốc FPT Long Châu",efc5b8f61c1dd1bca1b26c8b9cd4d7674a0d5e07d0917db7eed41dc33f9d032d,ebff5c9d7278db5cd2ce9ab8b81d39369a358d3199d1c5297a6c59da25d21476,LOCAL_ARTICLE_CANDIDATE_PENDING_REVIEW
219789,https://nhathuoclongchau.com.vn/bai-viet/cach-lam-tang-vong-1-cap-toc-cua-nguoi-nhat-bi-quyet-va-phuong-phap-hieu-qua.html,200,9811,Cách làm tăng vòng 1 cấp tốc của người Nhật,15df11b7172adb08e244ee1e4940f8fec0cb854a1e38ab816c3d893db7c2e79a,f52cfa2bfef59bc88c9bcb8d0e26ecd1472ee09d41844d23755e6e79486b5f3d,LOCAL_ARTICLE_CANDIDATE_PENDING_REVIEW
230855,https://nhathuoclongchau.com.vn/bai-viet/dieu-tri-vet-loet-ban-chan-tieu-duong-nhu-the-nao-59162.html,200,7386,Điều trị vết loét bàn chân tiểu đường như thế nào?,e2289e6064fef4166f196c05708c5e6d2f8c04a6e27ab5b2cb54d53969457c7d,432ef06804b66096a7ef989b457f05ca223b11b48dac85a0e2dc21635fdf2749,LOCAL_ARTICLE_CANDIDATE_PENDING_REVIEW
240674,https://nhathuoclongchau.com.vn/bai-viet/kham-pha-nhung-loi-ich-dang-kinh-ngac-cua-viec-an-vo-luu.html,200,6201,Khám phá những lợi ích đáng kinh ngạc của việc ăn vỏ lựu - Nhà thuốc FPT Long Châu,5506605de5dcdf6cdebeaa1f90ac1acb59e2842abe394d75974eb8e1a5737fe5,9e72cf2e4b0ec8758ba189dbc547909a9a8780db5f20b78133a1f8fa07c1e92a,LOCAL_ARTICLE_CANDIDATE_PENDING_REVIEW
241184,https://nhathuoclongchau.com.vn/bai-viet/khi-nao-me-can-thuc-hien-sieu-am-doppler-thai-nhi-47468.html,200,4636,Khi nào mẹ cần thực hiện siêu âm Doppler thai nhi - Nhà thuốc FPT Long Châu,4cda8c43444a989f05ba49457162489a53c8e2ced710984745694e393d33d144,6de1fee93740c597ab222847d287f870c6324d0a069b6e958b562286601d0475,LOCAL_ARTICLE_CANDIDATE_PENDING_REVIEW
250607,https://nhathuoclongchau.com.vn/bai-viet/nguoi-moi-cat-mi-kieng-trung-bao-lau-67221.html,200,6090,Người mới cắt mí kiêng trứng bao lâu? Nên ăn gì sau cắt mí?,b2699cae48c399b9a70106a829823ad79a86cd1d9087de3bbfffbe922ac60e9b,d4d3c03e9b5cf1ca569cd41f603d5054100cf597d0c6f912bd3c2e17c1dfc7f6,LOCAL_ARTICLE_CANDIDATE_PENDING_REVIEW
263721,https://nhathuoclongchau.com.vn/bai-viet/sua-pediasure-co-may-loai-mua-sua-pediasure-chinh-hang-o-dau-60302.html,200,6195,Sữa Pediasure có mấy loại? Mua sữa Pediasure chính hãng ở đâu? - Nhà thuốc FPT Long Châu,77a35a8b82214bce31d2e985d3010cc7409284803ab0ae98332dac29a960b0a6,a871c07d696c8266168b8541708d1298ee84cdee50a3f5b3b2e819abaa0009cf,LOCAL_ARTICLE_CANDIDATE_PENDING_REVIEW
264425,https://nhathuoclongchau.com.vn/bai-viet/tac-dung-cua-vitamin-e-voi-buong-trung-46690.html,200,6551,Tác dụng của vitamin E với buồng trứng - Nhà thuốc FPT Long Châu,c28abd16a2b933ab7c91f4b687afe44e4831276f4a004f82904c7b316848db87,dc75b99d128e988346df90ee8c0f5092fbd4a366172bfd0e186b5f15a9de7a8b,LOCAL_ARTICLE_CANDIDATE_PENDING_REVIEW
269735,https://nhathuoclongchau.com.vn/bai-viet/tiem-vac-xin-5-trong-1-o-ha-noi-nhung-lua-chon-tot-nhat-cho-suc-khoe-cua-tre-nho.html,200,8766,Tiêm vắc xin 5 trong 1 ở Hà Nội ở đâu tốt nhất? - Long Châu,b1503f4a919e7c3af6fd446abf88cbec05d0849ab6250c0f7392fcdb39656764,066b1757735d93e033572ee49d98b515fce04086552751e5c96d24779fa04b30,LOCAL_ARTICLE_CANDIDATE_PENDING_REVIEW
